Type,Engine_Size__l_,City_Miles_Per_Gallon,Highway_Miles_Per_Gallon
Minivan,3.535,17.9,24.45
SUV,3.8711864406779664,16.1864406779661,1.5423728813559323
Sedan,2.8863247863247863,21.799145299145298,29.397435897435898
Sports Car,3.38,18.622222222222224,25.77777777777778
Wagon,2.782758620689655,54.93103448275862,27.79310344827586
